{
  "project_info": {
    "project_number": "799791284198",
    "firebase_url": "https://bismillah-cc8bd.firebaseio.com",
    "project_id": "bismillah-cc8bd",
    "storage_bucket": "bismillah-cc8bd.appspot.com"
  },
  "client": [
    {
      "client_info": {
        "mobilesdk_app_id": "1:799791284198:android:fc8deae3983d6bdf29e027",
        "android_client_info": {
          "package_name": "com.example.bismillah"
        }
      },
      "oauth_client": [
        {
          "client_id": "799791284198-e1u6g23im57cd534lmstfjt520kmbu95.apps.googleusercontent.com",
          "client_type": 3
        }
      ],
      "api_key": [
        {
          "current_key": "AIzaSyAc_0BPHEIzZlp5Sf0SiVlGrn34rk13BmQ"
        }
      ],
      "services": {
        "appinvite_service": {
          "other_platform_oauth_client": [
            {
              "client_id": "799791284198-e1u6g23im57cd534lmstfjt520kmbu95.apps.googleusercontent.com",
              "client_type": 3
            }
          ]
        }
      }
    }
  ],
  "configuration_version": "1"
}